date,path,crs,width,height,bands,res_x,res_y,nodata,ndvi_min,ndvi_max,ndvi_mean,fai_min,fai_max,fai_mean,status_30_observed,status_55_interpolated,status_90_missing,problems
20240501,outputs\rasters\modis_daily_v2_fai1240_no_east_taihu_gapfilled_linear\Taihu_MODIS_gapfilled_linear_NDVI_FAI_STATUS_20240501.tif,EPSG:32651,101,139,4,500.0,500.0,-9999.0,-0.9244094491004944,0.835117757320404,-0.4690761803359491,-0.04273831844329834,0.2132682353258133,-0.02834820323626376,1751,0,12288,
20240502,outputs\rasters\modis_daily_v2_fai1240_no_east_taihu_gapfilled_linear\Taihu_MODIS_gapfilled_linear_NDVI_FAI_STATUS_20240502.tif,EPSG:32651,101,139,4,500.0,500.0,-9999.0,-0.8591476678848267,0.8230849504470825,-0.46242746572787746,-0.04191208258271217,0.21644343435764313,-0.027961778015054766,0,1744,12295,
20240503,outputs\rasters\modis_daily_v2_fai1240_no_east_taihu_gapfilled_linear\Taihu_MODIS_gapfilled_linear_NDVI_FAI_STATUS_20240503.tif,EPSG:32651,101,139,4,500.0,500.0,-9999.0,-0.7938858270645142,0.811052143573761,-0.45515790498663816,-0.04140520840883255,0.21961863338947296,-0.02751427209345862,0,1744,12295,
20240504,outputs\rasters\modis_daily_v2_fai1240_no_east_taihu_gapfilled_linear\Taihu_MODIS_gapfilled_linear_NDVI_FAI_STATUS_20240504.tif,EPSG:32651,101,139,4,500.0,500.0,-9999.0,-0.7296797633171082,0.7990193367004395,-0.44788834457755633,-0.04093125835061073,0.2227938324213028,-0.027066766086586917,0,1744,12295,
20240505,outputs\rasters\modis_daily_v2_fai1240_no_east_taihu_gapfilled_linear\Taihu_MODIS_gapfilled_linear_NDVI_FAI_STATUS_20240505.tif,EPSG:32651,101,139,4,500.0,500.0,-9999.0,-0.7860991358757019,0.7869865298271179,-0.4406187847484151,-0.04069314897060394,0.22596903145313263,-0.026619260140793202,0,1744,12295,
20240506,outputs\rasters\modis_daily_v2_fai1240_no_east_taihu_gapfilled_linear\Taihu_MODIS_gapfilled_linear_NDVI_FAI_STATUS_20240506.tif,EPSG:32651,101,139,4,500.0,500.0,-9999.0,-0.8425184488296509,0.7749537229537964,-0.4333654905833349,-0.040598414838314056,0.22914423048496246,-0.026444918219957123,69,1743,12227,
20240507,outputs\rasters\modis_daily_v2_fai1240_no_east_taihu_gapfilled_linear\Taihu_MODIS_gapfilled_linear_NDVI_FAI_STATUS_20240507.tif,EPSG:32651,101,139,4,500.0,500.0,-9999.0,-0.9015054702758789,0.7841306924819946,-0.4234474279166077,-0.04050367698073387,0.2323194295167923,-0.025683799951831145,16,1800,12223,
20240508,outputs\rasters\modis_daily_v2_fai1240_no_east_taihu_gapfilled_linear\Taihu_MODIS_gapfilled_linear_NDVI_FAI_STATUS_20240508.tif,EPSG:32651,101,139,4,500.0,500.0,-9999.0,-0.9950000047683716,0.7832379341125488,-0.41072585079433654,-0.050580840557813644,0.24383597075939178,-0.025789554497124282,2653,1166,10220,
20240509,outputs\rasters\modis_daily_v2_fai1240_no_east_taihu_gapfilled_linear\Taihu_MODIS_gapfilled_linear_NDVI_FAI_STATUS_20240509.tif,EPSG:32651,101,139,4,500.0,500.0,-9999.0,-0.9306844472885132,0.7823452353477478,-0.41337054883192376,-0.04831846430897713,0.23241329193115234,-0.026406573125594312,0,3816,10223,
20240510,outputs\rasters\modis_daily_v2_fai1240_no_east_taihu_gapfilled_linear\Taihu_MODIS_gapfilled_linear_NDVI_FAI_STATUS_20240510.tif,EPSG:32651,101,139,4,500.0,500.0,-9999.0,-0.9282700419425964,0.781452476978302,-0.41485896211996637,-0.04605608806014061,0.22933195531368256,-0.02703969284432126,1704,2775,9560,
20240511,outputs\rasters\modis_daily_v2_fai1240_no_east_taihu_gapfilled_linear\Taihu_MODIS_gapfilled_linear_NDVI_FAI_STATUS_20240511.tif,EPSG:32651,101,139,4,500.0,500.0,-9999.0,-0.8786773085594177,0.7805597186088562,-0.41091400702954084,-0.04379371553659439,0.22625063359737396,-0.026953465618104078,0,4479,9560,
20240512,outputs\rasters\modis_daily_v2_fai1240_no_east_taihu_gapfilled_linear\Taihu_MODIS_gapfilled_linear_NDVI_FAI_STATUS_20240512.tif,EPSG:32651,101,139,4,500.0,500.0,-9999.0,-0.8917053937911987,0.8081841468811035,-0.4087876209344656,-0.04227691888809204,0.22319354116916656,-0.027408150442386054,0,4280,9759,
20240513,outputs\rasters\modis_daily_v2_fai1240_no_east_taihu_gapfilled_linear\Taihu_MODIS_gapfilled_linear_NDVI_FAI_STATUS_20240513.tif,EPSG:32651,101,139,4,500.0,500.0,-9999.0,-0.9242575168609619,0.8429827690124512,-0.3995876994768509,-0.04369159787893295,0.25841546058654785,-0.02657412905094108,965,3679,9395,
20240514,outputs\rasters\modis_daily_v2_fai1240_no_east_taihu_gapfilled_linear\Taihu_MODIS_gapfilled_linear_NDVI_FAI_STATUS_20240514.tif,EPSG:32651,101,139,4,500.0,500.0,-9999.0,-0.9568095803260803,0.877781331539154,-0.3873651526906255,-0.04276467487215996,0.22784423828125,-0.026906756710003303,944,4049,9046,
20240515,outputs\rasters\modis_daily_v2_fai1240_no_east_taihu_gapfilled_linear\Taihu_MODIS_gapfilled_linear_NDVI_FAI_STATUS_20240515.tif,EPSG:32651,101,139,4,500.0,500.0,-9999.0,-0.9893617033958435,0.9125799536705017,-0.39258481369311204,-0.041837748140096664,0.2372603416442871,-0.026607882201050623,471,4587,8981,
20240516,outputs\rasters\modis_daily_v2_fai1240_no_east_taihu_gapfilled_linear\Taihu_MODIS_gapfilled_linear_NDVI_FAI_STATUS_20240516.tif,EPSG:32651,101,139,4,500.0,500.0,-9999.0,-0.8923436403274536,0.9123932719230652,-0.40588490295807134,-0.04287680611014366,0.22787854075431824,-0.02724667366796609,590,4530,8919,
20240517,outputs\rasters\modis_daily_v2_fai1240_no_east_taihu_gapfilled_linear\Taihu_MODIS_gapfilled_linear_NDVI_FAI_STATUS_20240517.tif,EPSG:32651,101,139,4,500.0,500.0,-9999.0,-0.91908198595047,0.912350594997406,-0.4177885401114027,-0.042905762791633606,0.23150235414505005,-0.02738160936254751,1193,4247,8599,
20240518,outputs\rasters\modis_daily_v2_fai1240_no_east_taihu_gapfilled_linear\Taihu_MODIS_gapfilled_linear_NDVI_FAI_STATUS_20240518.tif,EPSG:32651,101,139,4,500.0,500.0,-9999.0,-0.9945054650306702,0.9123079180717468,-0.42566738092751905,-0.04357680678367615,0.2354428619146347,-0.026331251364826006,5708,760,7571,
20240519,outputs\rasters\modis_daily_v2_fai1240_no_east_taihu_gapfilled_linear\Taihu_MODIS_gapfilled_linear_NDVI_FAI_STATUS_20240519.tif,EPSG:32651,101,139,4,500.0,500.0,-9999.0,-0.9856577515602112,0.9122652411460876,-0.4256589043951449,-0.04303882271051407,0.22529670596122742,-0.02672952432809731,0,6366,7673,
20240520,outputs\rasters\modis_daily_v2_fai1240_no_east_taihu_gapfilled_linear\Taihu_MODIS_gapfilled_linear_NDVI_FAI_STATUS_20240520.tif,EPSG:32651,101,139,4,500.0,500.0,-9999.0,-0.9769652485847473,0.9122225642204285,-0.42177405306568944,-0.04250084236264229,0.21605020761489868,-0.026739201619387067,0,6366,7673,
20240521,outputs\rasters\modis_daily_v2_fai1240_no_east_taihu_gapfilled_linear\Taihu_MODIS_gapfilled_linear_NDVI_FAI_STATUS_20240521.tif,EPSG:32651,101,139,4,500.0,500.0,-9999.0,-0.9682727456092834,0.9121798872947693,-0.4186300184483641,-0.04196285828948021,0.21545380353927612,-0.026827932515413332,0,6307,7732,
20240522,outputs\rasters\modis_daily_v2_fai1240_no_east_taihu_gapfilled_linear\Taihu_MODIS_gapfilled_linear_NDVI_FAI_STATUS_20240522.tif,EPSG:32651,101,139,4,500.0,500.0,-9999.0,-0.9595802426338196,0.9121372103691101,-0.41470956207558224,-0.042081546038389206,0.21485738456249237,-0.02683910131164491,0,6307,7732,
20240523,outputs\rasters\modis_daily_v2_fai1240_no_east_taihu_gapfilled_linear\Taihu_MODIS_gapfilled_linear_NDVI_FAI_STATUS_20240523.tif,EPSG:32651,101,139,4,500.0,500.0,-9999.0,-0.9882006049156189,0.9120945334434509,-0.40827564321275406,-0.042489245533943176,0.2142609804868698,-0.02642280840892882,3383,3103,7553,
20240524,outputs\rasters\modis_daily_v2_fai1240_no_east_taihu_gapfilled_linear\Taihu_MODIS_gapfilled_linear_NDVI_FAI_STATUS_20240524.tif,EPSG:32651,101,139,4,500.0,500.0,-9999.0,-0.9421952962875366,0.9165197014808655,-0.3978370438996002,-0.04241858050227165,0.22298437356948853,-0.02642054050422126,17,6407,7615,
20240525,outputs\rasters\modis_daily_v2_fai1240_no_east_taihu_gapfilled_linear\Taihu_MODIS_gapfilled_linear_NDVI_FAI_STATUS_20240525.tif,EPSG:32651,101,139,4,500.0,500.0,-9999.0,-0.9335027933120728,0.9120091795921326,-0.3897368522254972,-0.042614005506038666,0.21985763311386108,-0.026496788058255675,0,6340,7699,
20240526,outputs\rasters\modis_daily_v2_fai1240_no_east_taihu_gapfilled_linear\Taihu_MODIS_gapfilled_linear_NDVI_FAI_STATUS_20240526.tif,EPSG:32651,101,139,4,500.0,500.0,-9999.0,-0.9248102903366089,0.8945165276527405,-0.38365890998113117,-0.04280942678451538,0.21673090755939484,-0.026922286958805212,0,6299,7740,
20240527,outputs\rasters\modis_daily_v2_fai1240_no_east_taihu_gapfilled_linear\Taihu_MODIS_gapfilled_linear_NDVI_FAI_STATUS_20240527.tif,EPSG:32651,101,139,4,500.0,500.0,-9999.0,-0.916117787361145,0.883514940738678,-0.3739961803479047,-0.04300863668322563,0.2136041671037674,-0.026992208993451297,0,6293,7746,
20240528,outputs\rasters\modis_daily_v2_fai1240_no_east_taihu_gapfilled_linear\Taihu_MODIS_gapfilled_linear_NDVI_FAI_STATUS_20240528.tif,EPSG:32651,101,139,4,500.0,500.0,-9999.0,-0.9074252843856812,0.8725134134292603,-0.3631460852035175,-0.04377562925219536,0.21127893030643463,-0.027067614398075854,1222,4979,7838,
20240529,outputs\rasters\modis_daily_v2_fai1240_no_east_taihu_gapfilled_linear\Taihu_MODIS_gapfilled_linear_NDVI_FAI_STATUS_20240529.tif,EPSG:32651,101,139,4,500.0,500.0,-9999.0,-0.7877413034439087,0.8821636438369751,-0.33720353546935067,-0.043445296585559845,0.21113552153110504,-0.027894860163842107,1293,3411,9335,
20240530,outputs\rasters\modis_daily_v2_fai1240_no_east_taihu_gapfilled_linear\Taihu_MODIS_gapfilled_linear_NDVI_FAI_STATUS_20240530.tif,EPSG:32651,101,139,4,500.0,500.0,-9999.0,-0.8037915825843811,0.8935799598693848,-0.3448472048385825,-0.04359111562371254,0.21115124225616455,-0.027809402406581616,0,4705,9334,
20240531,outputs\rasters\modis_daily_v2_fai1240_no_east_taihu_gapfilled_linear\Taihu_MODIS_gapfilled_linear_NDVI_FAI_STATUS_20240531.tif,EPSG:32651,101,139,4,500.0,500.0,-9999.0,-0.8383516669273376,0.9049962759017944,-0.3521495973174094,-0.043786536902189255,0.21116696298122406,-0.027712913126397305,0,4705,9334,
20240601,outputs\rasters\modis_daily_v2_fai1240_no_east_taihu_gapfilled_linear\Taihu_MODIS_gapfilled_linear_NDVI_FAI_STATUS_20240601.tif,EPSG:32651,101,139,4,500.0,500.0,-9999.0,-0.8814817667007446,0.9164125919342041,-0.35945199001811823,-0.04398195818066597,0.21118268370628357,-0.02761642389594776,0,4705,9334,
20240602,outputs\rasters\modis_daily_v2_fai1240_no_east_taihu_gapfilled_linear\Taihu_MODIS_gapfilled_linear_NDVI_FAI_STATUS_20240602.tif,EPSG:32651,101,139,4,500.0,500.0,-9999.0,-0.9246118068695068,0.9278289675712585,-0.3667183510862136,-0.04417738318443298,0.21119840443134308,-0.02752274801027012,0,4710,9329,
20240603,outputs\rasters\modis_daily_v2_fai1240_no_east_taihu_gapfilled_linear\Taihu_MODIS_gapfilled_linear_NDVI_FAI_STATUS_20240603.tif,EPSG:32651,101,139,4,500.0,500.0,-9999.0,-0.9893617033958435,0.9392452836036682,-0.3595665620871606,-0.04437991976737976,0.21959394216537476,-0.030302472436609842,1301,1953,10785,
20240604,outputs\rasters\modis_daily_v2_fai1240_no_east_taihu_gapfilled_linear\Taihu_MODIS_gapfilled_linear_NDVI_FAI_STATUS_20240604.tif,EPSG:32651,101,139,4,500.0,500.0,-9999.0,-0.9766424298286438,0.9506615996360779,-0.368866242002552,-0.04468480870127678,0.21759633719921112,-0.030555937190899697,0,3239,10800,
20240605,outputs\rasters\modis_daily_v2_fai1240_no_east_taihu_gapfilled_linear\Taihu_MODIS_gapfilled_linear_NDVI_FAI_STATUS_20240605.tif,EPSG:32651,101,139,4,500.0,500.0,-9999.0,-0.9639230966567993,0.9620779156684875,-0.37820639882108353,-0.0449896976351738,0.22669243812561035,-0.030551222189246947,0,3410,10629,
20240606,outputs\rasters\modis_daily_v2_fai1240_no_east_taihu_gapfilled_linear\Taihu_MODIS_gapfilled_linear_NDVI_FAI_STATUS_20240606.tif,EPSG:32651,101,139,4,500.0,500.0,-9999.0,-0.9512038230895996,0.973494291305542,-0.384255940027677,-0.045294590294361115,0.23980723321437836,-0.03048011331426907,0,3410,10629,
20240607,outputs\rasters\modis_daily_v2_fai1240_no_east_taihu_gapfilled_linear\Taihu_MODIS_gapfilled_linear_NDVI_FAI_STATUS_20240607.tif,EPSG:32651,101,139,4,500.0,500.0,-9999.0,-0.9610562324523926,0.9849106073379517,-0.38969879564139603,-0.04559947922825813,0.25292202830314636,-0.030358722785760055,0,3417,10622,
20240608,outputs\rasters\modis_daily_v2_fai1240_no_east_taihu_gapfilled_linear\Taihu_MODIS_gapfilled_linear_NDVI_FAI_STATUS_20240608.tif,EPSG:32651,101,139,4,500.0,500.0,-9999.0,-0.9960707426071167,0.9963269233703613,-0.3898280211392401,-0.04590436816215515,0.2660368084907532,-0.027982307696200852,687,3255,10097,
20240609,outputs\rasters\modis_daily_v2_fai1240_no_east_taihu_gapfilled_linear\Taihu_MODIS_gapfilled_linear_NDVI_FAI_STATUS_20240609.tif,EPSG:32651,101,139,4,500.0,500.0,-9999.0,-0.9768029451370239,0.9927226901054382,-0.40583555773357505,-0.04551337659358978,0.24846795201301575,-0.027443644489849747,35,3430,10574,
20240610,outputs\rasters\modis_daily_v2_fai1240_no_east_taihu_gapfilled_linear\Taihu_MODIS_gapfilled_linear_NDVI_FAI_STATUS_20240610.tif,EPSG:32651,101,139,4,500.0,500.0,-9999.0,-0.9615424275398254,0.9891185164451599,-0.40863576833437887,-0.04512238875031471,0.23089908063411713,-0.02739443959594204,0,3463,10576,
20240611,outputs\rasters\modis_daily_v2_fai1240_no_east_taihu_gapfilled_linear\Taihu_MODIS_gapfilled_linear_NDVI_FAI_STATUS_20240611.tif,EPSG:32651,101,139,4,500.0,500.0,-9999.0,-0.946281909942627,0.9855142831802368,-0.4113814210388223,-0.044731397181749344,0.2199764847755432,-0.027340916077246813,0,3463,10576,
20240612,outputs\rasters\modis_daily_v2_fai1240_no_east_taihu_gapfilled_linear\Taihu_MODIS_gapfilled_linear_NDVI_FAI_STATUS_20240612.tif,EPSG:32651,101,139,4,500.0,500.0,-9999.0,-0.9310213923454285,0.9819101095199585,-0.41412707331854987,-0.044340405613183975,0.21967923641204834,-0.02728739247627843,37,3426,10576,
20240613,outputs\rasters\modis_daily_v2_fai1240_no_east_taihu_gapfilled_linear\Taihu_MODIS_gapfilled_linear_NDVI_FAI_STATUS_20240613.tif,EPSG:32651,101,139,4,500.0,500.0,-9999.0,-0.9180594682693481,0.9783058762550354,-0.41731924773570406,-0.043949417769908905,0.22111739218235016,-0.027239733557770495,0,3463,10576,
20240614,outputs\rasters\modis_daily_v2_fai1240_no_east_taihu_gapfilled_linear\Taihu_MODIS_gapfilled_linear_NDVI_FAI_STATUS_20240614.tif,EPSG:32651,101,139,4,500.0,500.0,-9999.0,-0.9450218677520752,0.9747016429901123,-0.41840132177087275,-0.044288795441389084,0.2226337045431137,-0.0272243519757863,0,2778,11261,
20240615,outputs\rasters\modis_daily_v2_fai1240_no_east_taihu_gapfilled_linear\Taihu_MODIS_gapfilled_linear_NDVI_FAI_STATUS_20240615.tif,EPSG:32651,101,139,4,500.0,500.0,-9999.0,-0.9914712309837341,0.971097469329834,-0.42139565485579283,-0.04503064602613449,0.22415003180503845,-0.027160024263673387,550,2243,11246,
20240616,outputs\rasters\modis_daily_v2_fai1240_no_east_taihu_gapfilled_linear\Taihu_MODIS_gapfilled_linear_NDVI_FAI_STATUS_20240616.tif,EPSG:32651,101,139,4,500.0,500.0,-9999.0,-0.9708197116851807,0.9674932360649109,-0.42820359709407635,-0.04621331766247749,0.2256663590669632,-0.027218800463723228,0,2787,11252,
20240617,outputs\rasters\modis_daily_v2_fai1240_no_east_taihu_gapfilled_linear\Taihu_MODIS_gapfilled_linear_NDVI_FAI_STATUS_20240617.tif,EPSG:32651,101,139,4,500.0,500.0,-9999.0,-0.9501681923866272,0.9638890027999878,-0.4350161538957269,-0.047395989298820496,0.22718267142772675,-0.027290381084566023,12,2775,11252,
20240618,outputs\rasters\modis_daily_v2_fai1240_no_east_taihu_gapfilled_linear\Taihu_MODIS_gapfilled_linear_NDVI_FAI_STATUS_20240618.tif,EPSG:32651,101,139,4,500.0,500.0,-9999.0,-0.9335582852363586,0.9602848291397095,-0.43701175354017885,-0.05117646977305412,0.2286989986896515,-0.026733265681187477,2106,804,11129,
20240619,outputs\rasters\modis_daily_v2_fai1240_no_east_taihu_gapfilled_linear\Taihu_MODIS_gapfilled_linear_NDVI_FAI_STATUS_20240619.tif,EPSG:32651,101,139,4,500.0,500.0,-9999.0,-0.9366580247879028,0.6815305948257446,-0.4674290781156384,-0.050106585025787354,0.2271253764629364,-0.028840522046315983,0,2477,11562,
20240620,outputs\rasters\modis_daily_v2_fai1240_no_east_taihu_gapfilled_linear\Taihu_MODIS_gapfilled_linear_NDVI_FAI_STATUS_20240620.tif,EPSG:32651,101,139,4,500.0,500.0,-9999.0,-0.8882136940956116,0.6810949444770813,-0.47151233309845414,-0.04903670400381088,0.2255517542362213,-0.02871166418376492,0,2461,11578,
20240621,outputs\rasters\modis_daily_v2_fai1240_no_east_taihu_gapfilled_linear\Taihu_MODIS_gapfilled_linear_NDVI_FAI_STATUS_20240621.tif,EPSG:32651,101,139,4,500.0,500.0,-9999.0,-0.8675621747970581,0.6836850643157959,-0.4736179891992277,-0.04796681925654411,0.22397811710834503,-0.028363212136637263,0,2461,11578,
20240622,outputs\rasters\modis_daily_v2_fai1240_no_east_taihu_gapfilled_linear\Taihu_MODIS_gapfilled_linear_NDVI_FAI_STATUS_20240622.tif,EPSG:32651,101,139,4,500.0,500.0,-9999.0,-0.8469106554985046,0.6862751841545105,-0.4757236449160696,-0.04689693823456764,0.22240449488162994,-0.028014760026252233,0,2461,11578,
20240623,outputs\rasters\modis_daily_v2_fai1240_no_east_taihu_gapfilled_linear\Taihu_MODIS_gapfilled_linear_NDVI_FAI_STATUS_20240623.tif,EPSG:32651,101,139,4,500.0,500.0,-9999.0,-0.8262591361999512,0.7625300884246826,-0.48520608280214117,-0.05510476604104042,0.22083087265491486,-0.02799485969651338,0,3166,10873,
20240624,outputs\rasters\modis_daily_v2_fai1240_no_east_taihu_gapfilled_linear\Taihu_MODIS_gapfilled_linear_NDVI_FAI_STATUS_20240624.tif,EPSG:32651,101,139,4,500.0,500.0,-9999.0,-0.8056076765060425,0.7479145526885986,-0.48478580332142707,-0.05568654090166092,0.21925725042819977,-0.02752800763603316,0,3191,10848,
20240625,outputs\rasters\modis_daily_v2_fai1240_no_east_taihu_gapfilled_linear\Taihu_MODIS_gapfilled_linear_NDVI_FAI_STATUS_20240625.tif,EPSG:32651,101,139,4,500.0,500.0,-9999.0,-0.9552566409111023,0.8467451333999634,-0.4817879841091307,-0.05626831576228142,0.21779672801494598,-0.025494026797237168,0,4003,10036,
20240626,outputs\rasters\modis_daily_v2_fai1240_no_east_taihu_gapfilled_linear\Taihu_MODIS_gapfilled_linear_NDVI_FAI_STATUS_20240626.tif,EPSG:32651,101,139,4,500.0,500.0,-9999.0,-0.9583563804626465,0.8391889333724976,-0.4870977535495962,-0.056850090622901917,0.21827280521392822,-0.02511338101198917,0,3855,10184,
20240627,outputs\rasters\modis_daily_v2_fai1240_no_east_taihu_gapfilled_linear\Taihu_MODIS_gapfilled_linear_NDVI_FAI_STATUS_20240627.tif,EPSG:32651,101,139,4,500.0,500.0,-9999.0,-0.9614561796188354,0.8316327333450317,-0.4899659960132682,-0.057431869208812714,0.21874888241291046,-0.02485980689779272,0,3855,10184,
20240628,outputs\rasters\modis_daily_v2_fai1240_no_east_taihu_gapfilled_linear\Taihu_MODIS_gapfilled_linear_NDVI_FAI_STATUS_20240628.tif,EPSG:32651,101,139,4,500.0,500.0,-9999.0,-0.9645559191703796,0.8240765333175659,-0.49399680694051434,-0.05801364406943321,0.2192249596118927,-0.024657665420281905,0,3845,10194,
20240629,outputs\rasters\modis_daily_v2_fai1240_no_east_taihu_gapfilled_linear\Taihu_MODIS_gapfilled_linear_NDVI_FAI_STATUS_20240629.tif,EPSG:32651,101,139,4,500.0,500.0,-9999.0,-0.9676556587219238,0.8165203332901001,-0.5148618306566695,-0.05859541893005371,0.21970103681087494,-0.02462244435591664,0,3029,11010,
20240630,outputs\rasters\modis_daily_v2_fai1240_no_east_taihu_gapfilled_linear\Taihu_MODIS_gapfilled_linear_NDVI_FAI_STATUS_20240630.tif,EPSG:32651,101,139,4,500.0,500.0,-9999.0,-0.9707554578781128,0.8089641332626343,-0.5190632676653603,-0.05917719379067421,0.22017711400985718,-0.02435975538304361,0,3029,11010,
20240701,outputs\rasters\modis_daily_v2_fai1240_no_east_taihu_gapfilled_linear\Taihu_MODIS_gapfilled_linear_NDVI_FAI_STATUS_20240701.tif,EPSG:32651,101,139,4,500.0,500.0,-9999.0,-0.973855197429657,0.8014079332351685,-0.5232647049811737,-0.05975897237658501,0.22065319120883942,-0.024097066492615418,0,3029,11010,
20240702,outputs\rasters\modis_daily_v2_fai1240_no_east_taihu_gapfilled_linear\Taihu_MODIS_gapfilled_linear_NDVI_FAI_STATUS_20240702.tif,EPSG:32651,101,139,4,500.0,500.0,-9999.0,-0.976954996585846,0.7938517332077026,-0.5274661417033422,-0.060340747237205505,0.22112925350666046,-0.02383437752832749,0,3029,11010,
20240703,outputs\rasters\modis_daily_v2_fai1240_no_east_taihu_gapfilled_linear\Taihu_MODIS_gapfilled_linear_NDVI_FAI_STATUS_20240703.tif,EPSG:32651,101,139,4,500.0,500.0,-9999.0,-0.9800547361373901,0.7926622629165649,-0.5227439309087853,-0.06217697635293007,0.2216053307056427,-0.022336300746701017,1502,1617,10920,
20240704,outputs\rasters\modis_daily_v2_fai1240_no_east_taihu_gapfilled_linear\Taihu_MODIS_gapfilled_linear_NDVI_FAI_STATUS_20240704.tif,EPSG:32651,101,139,4,500.0,500.0,-9999.0,-0.9831545352935791,0.7943266034126282,-0.5247020058288047,-0.05991966649889946,0.22208140790462494,-0.02121710870171302,51,3038,10950,
20240705,outputs\rasters\modis_daily_v2_fai1240_no_east_taihu_gapfilled_linear\Taihu_MODIS_gapfilled_linear_NDVI_FAI_STATUS_20240705.tif,EPSG:32651,101,139,4,500.0,500.0,-9999.0,-0.9940652847290039,0.7961896061897278,-0.5146662481810412,-0.05766235291957855,0.22255748510360718,-0.018732877694820092,2103,1096,10840,
20240706,outputs\rasters\modis_daily_v2_fai1240_no_east_taihu_gapfilled_linear\Taihu_MODIS_gapfilled_linear_NDVI_FAI_STATUS_20240706.tif,EPSG:32651,101,139,4,500.0,500.0,-9999.0,-0.9763321280479431,0.7993646264076233,-0.5094342682372418,-0.05540504306554794,0.22249720990657806,-0.01870875310394988,0,3100,10939,
20240707,outputs\rasters\modis_daily_v2_fai1240_no_east_taihu_gapfilled_linear\Taihu_MODIS_gapfilled_linear_NDVI_FAI_STATUS_20240707.tif,EPSG:32651,101,139,4,500.0,500.0,-9999.0,-0.9585989117622375,0.8025397062301636,-0.5027672894434222,-0.053147733211517334,0.22243693470954895,-0.018615590966895277,0,3100,10939,
20240708,outputs\rasters\modis_daily_v2_fai1240_no_east_taihu_gapfilled_linear\Taihu_MODIS_gapfilled_linear_NDVI_FAI_STATUS_20240708.tif,EPSG:32651,101,139,4,500.0,500.0,-9999.0,-0.9408657550811768,0.9101313948631287,-0.47414330754333667,-0.050890419632196426,0.22237667441368103,-0.01776129389961557,0,3962,10077,
20240709,outputs\rasters\modis_daily_v2_fai1240_no_east_taihu_gapfilled_linear\Taihu_MODIS_gapfilled_linear_NDVI_FAI_STATUS_20240709.tif,EPSG:32651,101,139,4,500.0,500.0,-9999.0,-0.9303955435752869,0.9100887179374695,-0.46286554593110685,-0.04863310977816582,0.22231639921665192,-0.017550448250510345,0,4168,9871,
20240710,outputs\rasters\modis_daily_v2_fai1240_no_east_taihu_gapfilled_linear\Taihu_MODIS_gapfilled_linear_NDVI_FAI_STATUS_20240710.tif,EPSG:32651,101,139,4,500.0,500.0,-9999.0,-0.9315658211708069,0.9100460410118103,-0.45795244551130976,-0.04637579992413521,0.2222561240196228,-0.017408966298659526,0,4168,9871,
20240711,outputs\rasters\modis_daily_v2_fai1240_no_east_taihu_gapfilled_linear\Taihu_MODIS_gapfilled_linear_NDVI_FAI_STATUS_20240711.tif,EPSG:32651,101,139,4,500.0,500.0,-9999.0,-0.9349974989891052,0.9100033640861511,-0.4528781106529329,-0.04550139978528023,0.2221958488225937,-0.017250706559297318,0,4169,9870,
20240712,outputs\rasters\modis_daily_v2_fai1240_no_east_taihu_gapfilled_linear\Taihu_MODIS_gapfilled_linear_NDVI_FAI_STATUS_20240712.tif,EPSG:32651,101,139,4,500.0,500.0,-9999.0,-0.9430023431777954,0.9099606871604919,-0.4460673479513653,-0.04611344635486603,0.22213558852672577,-0.01709875153120433,0,4222,9817,
20240713,outputs\rasters\modis_daily_v2_fai1240_no_east_taihu_gapfilled_linear\Taihu_MODIS_gapfilled_linear_NDVI_FAI_STATUS_20240713.tif,EPSG:32651,101,139,4,500.0,500.0,-9999.0,-0.9510071873664856,0.9099180102348328,-0.4392434666763159,-0.04672548919916153,0.2225302755832672,-0.01690790782026236,0,4284,9755,
20240714,outputs\rasters\modis_daily_v2_fai1240_no_east_taihu_gapfilled_linear\Taihu_MODIS_gapfilled_linear_NDVI_FAI_STATUS_20240714.tif,EPSG:32651,101,139,4,500.0,500.0,-9999.0,-0.9590120315551758,0.9098753333091736,-0.41549511340922124,-0.04733753576874733,0.22201503813266754,-0.014313643099921449,0,3652,10387,
20240715,outputs\rasters\modis_daily_v2_fai1240_no_east_taihu_gapfilled_linear\Taihu_MODIS_gapfilled_linear_NDVI_FAI_STATUS_20240715.tif,EPSG:32651,101,139,4,500.0,500.0,-9999.0,-0.967016875743866,0.910457968711853,-0.4122114760879661,-0.04861780256032944,0.22195476293563843,-0.014223337375357718,0,3632,10407,
20240716,outputs\rasters\modis_daily_v2_fai1240_no_east_taihu_gapfilled_linear\Taihu_MODIS_gapfilled_linear_NDVI_FAI_STATUS_20240716.tif,EPSG:32651,101,139,4,500.0,500.0,-9999.0,-0.9750217199325562,0.9243854284286499,-0.39520240904241066,-0.04856162518262863,0.22595250606536865,-0.013004084753782947,0,2377,11662,
20240717,outputs\rasters\modis_daily_v2_fai1240_no_east_taihu_gapfilled_linear\Taihu_MODIS_gapfilled_linear_NDVI_FAI_STATUS_20240717.tif,EPSG:32651,101,139,4,500.0,500.0,-9999.0,-0.9830265641212463,0.9383129477500916,-0.3911533304619445,-0.04917366802692413,0.23688986897468567,-0.012661688090838823,0,2377,11662,
20240718,outputs\rasters\modis_daily_v2_fai1240_no_east_taihu_gapfilled_linear\Taihu_MODIS_gapfilled_linear_NDVI_FAI_STATUS_20240718.tif,EPSG:32651,101,139,4,500.0,500.0,-9999.0,-0.9933993220329285,0.9522404074668884,-0.3639979568520131,-0.049785714596509933,0.24782723188400269,-0.00998299069974413,1699,856,11484,
20240719,outputs\rasters\modis_daily_v2_fai1240_no_east_taihu_gapfilled_linear\Taihu_MODIS_gapfilled_linear_NDVI_FAI_STATUS_20240719.tif,EPSG:32651,101,139,4,500.0,500.0,-9999.0,-0.9735099077224731,0.9827451109886169,-0.35762947788829125,-0.06471390277147293,0.26907584071159363,-0.014446199425891905,478,5370,8191,
20240720,outputs\rasters\modis_daily_v2_fai1240_no_east_taihu_gapfilled_linear\Taihu_MODIS_gapfilled_linear_NDVI_FAI_STATUS_20240720.tif,EPSG:32651,101,139,4,500.0,500.0,-9999.0,-0.9692904353141785,0.9539594650268555,-0.3684861912349578,-0.06554330140352249,0.27068963646888733,-0.016119591931411544,0,6986,7053,
20240721,outputs\rasters\modis_daily_v2_fai1240_no_east_taihu_gapfilled_linear\Taihu_MODIS_gapfilled_linear_NDVI_FAI_STATUS_20240721.tif,EPSG:32651,101,139,4,500.0,500.0,-9999.0,-0.97712641954422,0.956246554851532,-0.3664686789352548,-0.06637270003557205,0.27230340242385864,-0.01636266689223219,1,7018,7020,
20240722,outputs\rasters\modis_daily_v2_fai1240_no_east_taihu_gapfilled_linear\Taihu_MODIS_gapfilled_linear_NDVI_FAI_STATUS_20240722.tif,EPSG:32651,101,139,4,500.0,500.0,-9999.0,-0.9849624037742615,0.9585336446762085,-0.3617461541921104,-0.06720209866762161,0.27391716837882996,-0.01642421647854776,149,6898,6992,
20240723,outputs\rasters\modis_daily_v2_fai1240_no_east_taihu_gapfilled_linear\Taihu_MODIS_gapfilled_linear_NDVI_FAI_STATUS_20240723.tif,EPSG:32651,101,139,4,500.0,500.0,-9999.0,-0.9714285731315613,0.960820734500885,-0.35659782930967565,-0.06803150475025177,0.27553096413612366,-0.016369884854164827,279,6817,6943,
20240724,outputs\rasters\modis_daily_v2_fai1240_no_east_taihu_gapfilled_linear\Taihu_MODIS_gapfilled_linear_NDVI_FAI_STATUS_20240724.tif,EPSG:32651,101,139,4,500.0,500.0,-9999.0,-0.978723406791687,0.9631078243255615,-0.35559179757087833,-0.06886090338230133,0.27714473009109497,-0.0165651884540123,277,6830,6932,
20240725,outputs\rasters\modis_daily_v2_fai1240_no_east_taihu_gapfilled_linear\Taihu_MODIS_gapfilled_linear_NDVI_FAI_STATUS_20240725.tif,EPSG:32651,101,139,4,500.0,500.0,-9999.0,-0.9145891070365906,0.9653949737548828,-0.3542370212725946,-0.06969030201435089,0.27875852584838867,-0.01678032010541691,0,7086,6953,
20240726,outputs\rasters\modis_daily_v2_fai1240_no_east_taihu_gapfilled_linear\Taihu_MODIS_gapfilled_linear_NDVI_FAI_STATUS_20240726.tif,EPSG:32651,101,139,4,500.0,500.0,-9999.0,-0.8504548668861389,0.9676820635795593,-0.35299493863787007,-0.07051970064640045,0.28037229180336,-0.017017856255873577,0,7086,6953,
20240727,outputs\rasters\modis_daily_v2_fai1240_no_east_taihu_gapfilled_linear\Taihu_MODIS_gapfilled_linear_NDVI_FAI_STATUS_20240727.tif,EPSG:32651,101,139,4,500.0,500.0,-9999.0,-0.7863205671310425,0.9699691534042358,-0.351752855884077,-0.07134909927845001,0.2819860577583313,-0.017255392433592177,0,7086,6953,
20240728,outputs\rasters\modis_daily_v2_fai1240_no_east_taihu_gapfilled_linear\Taihu_MODIS_gapfilled_linear_NDVI_FAI_STATUS_20240728.tif,EPSG:32651,101,139,4,500.0,500.0,-9999.0,-0.722186267375946,0.9722562432289124,-0.3505107731947017,-0.07217849791049957,0.283599853515625,-0.01749292859614316,56,7030,6953,
20240729,outputs\rasters\modis_daily_v2_fai1240_no_east_taihu_gapfilled_linear\Taihu_MODIS_gapfilled_linear_NDVI_FAI_STATUS_20240729.tif,EPSG:32651,101,139,4,500.0,500.0,-9999.0,-0.7218710780143738,0.7920068502426147,-0.3348437525763186,-0.07300789654254913,0.2852136194705963,-0.01571839056022242,5753,1864,6422,
20240730,outputs\rasters\modis_daily_v2_fai1240_no_east_taihu_gapfilled_linear\Taihu_MODIS_gapfilled_linear_NDVI_FAI_STATUS_20240730.tif,EPSG:32651,101,139,4,500.0,500.0,-9999.0,-0.7272727489471436,0.831472635269165,-0.4177158512227242,-0.05789025127887726,0.23405176401138306,-0.023719095796352344,6605,102,7332,
20240731,outputs\rasters\modis_daily_v2_fai1240_no_east_taihu_gapfilled_linear\Taihu_MODIS_gapfilled_linear_NDVI_FAI_STATUS_20240731.tif,EPSG:32651,101,139,4,500.0,500.0,-9999.0,-0.8425531983375549,0.8066975474357605,-0.5106199020332739,-0.05078117549419403,0.20831310749053955,-0.03289859249577152,1207,0,12832,
